{"sarcastic": [0.0016588536323979496, 0.0027250386774539948, 0.004224978166166693, 0.006415609712712466, 0.008580016752239317, 0.01100176628679037, 0.011452807625755668, 0.015595292812213302, 0.019060459546744825, 0.023904358758591114, 0.02408523594494909, 0.04048729297937825, 0.044146488327533005, 0.04449075227603316, 0.051005691010504964, 0.05677827526815236, 0.06448521767742932, 0.06700973222032189, 0.07199763339012862, 0.07665227786637843, 0.10397095941007137, 0.11868900749832392, 0.16594405232463033], "antagonize": [0.0012500888668000698, 0.0016020446317270398, 0.001659102615667507, 0.0022369560552760958, 0.005198695207946002, 0.008995741023682058, 0.01355920690111816, 0.01633530806284398, 0.018391784536652266, 0.020354517782106996, 0.02218585691880435, 0.03650494683533907, 0.056206439179368316, 0.059163781348615885, 0.07142187621211633, 0.07780936085619032, 0.08638065010309219, 0.10641865315847099, 0.12575879422947764, 0.26749318577349185, 0.32716393638402225, 0.37932497896254064, 0.40367103517055514], "condescending": [0.0012470911024138331, 0.001344977819826454, 0.001602933753747493, 0.0038842729991301894, 0.004007596150040626, 0.004068197356536985, 0.010265560797415673, 0.010351576597895474, 0.015449750213883817, 0.02003385326825082, 0.03337204745039344, 0.03633703084196895, 0.04478708545211703, 0.04885458843782544, 0.05513970609754324, 0.06614181407494471, 0.09030850147828459, 0.09163981825113296, 0.11489925067871809, 0.17810710594058038, 0.18783666975796223, 0.20367348408326508, 0.243335572630167], "dismissive": [0.0009486375667620451, 0.0009571569389663637, 0.0010815907677169888, 0.0013895974785555153, 0.0015315219818148762, 0.0025826592347584663, 0.0028471962956245988, 0.0034095740411430597, 0.003989552153507247, 0.004152303194859997, 0.005380174412857741, 0.008234106213785708, 0.011640496598556638, 0.012946931389160454, 0.01572575685568154, 0.028809208725579082, 0.03770046078134328, 0.053585896943695845, 0.06098259063437581, 0.06231861417763866, 0.07955408128909766, 0.07984583415091037, 0.13534057098440827], "generalisation": [0.004922760732006282, 0.004989044490503147, 0.010758377460297197, 0.01106330524198711, 0.019948340591508896, 0.022861875890521334, 0.02436080784536898, 0.03007273388793692, 0.030575609928928316, 0.031149627140257506, 0.05008000037632883, 0.059008168330183255, 0.07282558170263656, 0.0842252807226032, 0.09230595926637761, 0.09296847712248564, 0.0951815445907414, 0.09760019442765042, 0.10968482065945864, 0.15554040130227803, 0.18208629440050572, 0.1900716907286551, 0.26307557000545784], "healthy": [0.43557748645544053, 0.4401985391974449, 0.5596885718405247, 0.5802563115954399, 0.6799904242157936, 0.7292158216238022, 0.7656988829374314, 0.7799780368804932, 0.8215552926063537, 0.8291905522346497, 0.8578279688954353, 0.8805636674165725, 0.8857224702835083, 0.8899929523468018, 0.908068311214447, 0.9137379825115204, 0.9235757768154145, 0.9323071599006653, 0.955003309249878, 0.967368221282959, 0.9824680268764496, 0.9839092195034027, 0.9876684784889221], "hostile": [0.001149589812848717, 0.0013093397486954928, 0.0015583349217195065, 0.0016360222885850816, 0.002418183075496927, 0.003811146575026214, 0.0055095266550779344, 0.00655697186011821, 0.010421807109378279, 0.012817197456024587, 0.013613512576557695, 0.018558236840181052, 0.01898335211444646, 0.01921127727255225, 0.03168566473177634, 0.04752552522113547, 0.047718270076438786, 0.048506129841553045, 0.06401318497955799, 0.18215853739529847, 0.21603718735277652, 0.2490863291081041, 0.26504999976605176]}