{"sarcastic": [0.03211001418530941, 0.04388329014182091, 0.04422347992658615, 0.045833071880042556, 0.05004870854318142, 0.05233747623860836, 0.05264654792845249, 0.054941241070628165, 0.05545358955860138, 0.0557296235114336, 0.056279176846146584, 0.05802462249994278, 0.05913958996534348, 0.06069120429456234, 0.06105226241052151, 0.06229865700006485, 0.06320436559617519, 0.06323233284056187, 0.06520721465349197, 0.06660490781068802, 0.06742488592863083, 0.06937931887805462, 0.07272851876914502, 0.07340720705688, 0.07421501874923705, 0.07919833064079285, 0.08255762979388237, 0.08644024915993213], "antagonize": [0.029779770597815513, 0.0331664951518178, 0.03590506948530674, 0.04081785585731268, 0.04447177033871412, 0.04449249487370253, 0.05334308110177517, 0.053971873596310616, 0.05525449849665165, 0.059793800860643384, 0.06099312268197536, 0.06436058543622494, 0.06680114809423685, 0.07358301617205143, 0.07558742836117745, 0.07763180658221244, 0.07848005965352059, 0.08111712783575058, 0.08128753416240216, 0.08246046416461468, 0.08518655598163605, 0.08988587856292725, 0.09821260645985604, 0.10082182064652442, 0.10835778675973415, 0.13294190689921379, 0.14639722406864167, 0.20007024109363555], "condescending": [0.017748058028519153, 0.020721509121358395, 0.021194725297391415, 0.024551603756844998, 0.025014783069491387, 0.025126091949641705, 0.02674980703741312, 0.028876275196671485, 0.029768828488886356, 0.029976615123450755, 0.030491418950259686, 0.03262016270309687, 0.03311377502977848, 0.03456154614686966, 0.03487777095288038, 0.03556666225194931, 0.035849623009562494, 0.03836114034056663, 0.03940488323569298, 0.03998922426253557, 0.04094272293150425, 0.04209930691868067, 0.043103006668388844, 0.046496293321251866, 0.05876988507807255, 0.07187960892915726, 0.07641461715102196, 0.1051916629076004], "dismissive": [0.00836682328954339, 0.009694000147283078, 0.010026446310803294, 0.011885030381381511, 0.011946920724585652, 0.011985898576676845, 0.012193419504910707, 0.01275177150964737, 0.014804666303098202, 0.015025284560397267, 0.01547558642923832, 0.015680331736803055, 0.015910150855779646, 0.015944815892726182, 0.016925404034554958, 0.017133800126612187, 0.01779352407902479, 0.018803473096340895, 0.01882293950766325, 0.01943427650257945, 0.02005458204075694, 0.020635686721652745, 0.021289306227117777, 0.023570201266556977, 0.02941928692162037, 0.039283438585698605, 0.03990544993430376, 0.05866545177996159], "generalisation": [0.013069300539791584, 0.020997164025902747, 0.022206258308142424, 0.026005024649202825, 0.031054879166185857, 0.0313828082755208, 0.031700277142226695, 0.033277409337461, 0.034925602842122316, 0.03586020078510046, 0.040446470584720375, 0.04095035064965487, 0.041231789626181126, 0.042042165994644165, 0.042109391931444404, 0.04282500082626939, 0.04700017478317022, 0.05129888113588095, 0.05811898000538349, 0.06065028551965952, 0.06231950111687183, 0.062486770749092105, 0.06282633375376463, 0.06472380682826043, 0.0687171721830964, 0.06980286948382855, 0.07362208217382431, 0.07710569892078638], "healthy": [0.8058374583721161, 0.8405014872550964, 0.8511796534061432, 0.8716955602169036, 0.8775669515132904, 0.8782868623733521, 0.8855812788009644, 0.8860890924930572, 0.8876779198646545, 0.8888694286346436, 0.8894289910793305, 0.8932060480117798, 0.8939850986003876, 0.8940213263034821, 0.9030931890010834, 0.9044328093528747, 0.9079407393932343, 0.9086533069610596, 0.917856752872467, 0.9180758833885193, 0.9218762874603271, 0.9226207911968232, 0.9297488033771515, 0.9302949547767639, 0.9313337743282318, 0.9380734443664551, 0.9452008724212646, 0.9495053946971893], "hostile": [0.01481162989512086, 0.015291661582887172, 0.016639993246644735, 0.020480251777917145, 0.021871187817305328, 0.023987172450870276, 0.02683436404913664, 0.02737397300079465, 0.02840737048536539, 0.03299644347280264, 0.03361377883702517, 0.0359437239356339, 0.03929404467344284, 0.043848568387329576, 0.04530625771731138, 0.04573459848761559, 0.046348944306373596, 0.0478108087554574, 0.048985003307461736, 0.049197887629270555, 0.051612424105405806, 0.057725916430354116, 0.06244423985481262, 0.0663203401491046, 0.06653888262808323, 0.0814323540776968, 0.09775133207440376, 0.1407336100935936]}