{"@columbusproudboys": {"channel_name": "@columbusproudboys", "toxicity vector": {"sarcastic": 0.5217391304347826, "antagonize": 0.4782608695652174, "condescending": 0.43478260869565216, "dismissive": 0.5652173913043478, "generalisation": 0.30434782608695654, "healthy": 0.782608695652174, "hostile": 0.6086956521739131}}, "@realdonaldtrump": {"channel_name": "@realdonaldtrump", "toxicity vector": {"sarcastic": 0.13043478260869565, "antagonize": 0.2608695652173913, "condescending": 0.2608695652173913, "dismissive": 0.34782608695652173, "generalisation": 0.08695652173913043, "healthy": 0.8260869565217391, "hostile": 0.30434782608695654}}, "@nytimes": {"channel_name": "@nytimes", "toxicity vector": {"sarcastic": 0.13043478260869565, "antagonize": 0.0, "condescending": 0.13043478260869565, "dismissive": 0.0, "generalisation": 0.17391304347826086, "healthy": 1.0, "hostile": 0.0}}, "@soygirls": {"channel_name": "@soygirls", "toxicity vector": {"sarcastic": 0.13043478260869565, "antagonize": 0.13043478260869565, "condescending": 0.13043478260869565, "dismissive": 0.08695652173913043, "generalisation": 0.08695652173913043, "healthy": 0.8695652173913043, "hostile": 0.08695652173913043}}}