{"@columbusproudboys": {"channel_name": "@columbusproudboys", "toxicity vector": {"sarcastic": 0.4782608695652174, "antagonize": 0.4782608695652174, "condescending": 0.43478260869565216, "dismissive": 0.4782608695652174, "generalisation": 0.4782608695652174, "healthy": 0.6086956521739131, "hostile": 0.391304347826087}}, "@realdonaldtrump": {"channel_name": "@realdonaldtrump", "toxicity vector": {"sarcastic": 0.13043478260869565, "antagonize": 0.2608695652173913, "condescending": 0.2608695652173913, "dismissive": 0.30434782608695654, "generalisation": 0.08695652173913043, "healthy": 0.8260869565217391, "hostile": 0.30434782608695654}}, "@nytimes": {"channel_name": "@nytimes", "toxicity vector": {"sarcastic": 0.13043478260869565, "antagonize": 0.0, "condescending": 0.08695652173913043, "dismissive": 0.0, "generalisation": 0.17391304347826086, "healthy": 1.0, "hostile": 0.0}}, "@soygirls": {"channel_name": "@soygirls", "toxicity vector": {"sarcastic": 0.13043478260869565, "antagonize": 0.13043478260869565, "condescending": 0.13043478260869565, "dismissive": 0.08695652173913043, "generalisation": 0.08695652173913043, "healthy": 0.8695652173913043, "hostile": 0.08695652173913043}}, "@trabajodcuba": {"channel_name": "@trabajodcuba", "toxicity vector": {"sarcastic": 0.043478260869565216, "antagonize": 0.043478260869565216, "condescending": 0.13043478260869565, "dismissive": 0.17391304347826086, "generalisation": 0.0, "healthy": 0.9565217391304348, "hostile": 0.0}}, "@realDonaldTrump": {"channel_name": "@realDonaldTrump", "toxicity vector": {"sarcastic": 0.13043478260869565, "antagonize": 0.2608695652173913, "condescending": 0.2608695652173913, "dismissive": 0.30434782608695654, "generalisation": 0.08695652173913043, "healthy": 0.8260869565217391, "hostile": 0.30434782608695654}}, "@israel": {"channel_name": "@israel", "toxicity vector": {"sarcastic": 0.13043478260869565, "antagonize": 0.0, "condescending": 0.08695652173913043, "dismissive": 0.0, "generalisation": 0.08695652173913043, "healthy": 0.9565217391304348, "hostile": 0.0}}, "@charliekirk": {"channel_name": "@charliekirk", "toxicity vector": {"sarcastic": 0.34782608695652173, "antagonize": 0.43478260869565216, "condescending": 0.391304347826087, "dismissive": 0.4782608695652174, "generalisation": 0.4782608695652174, "healthy": 0.782608695652174, "hostile": 0.34782608695652173}}, "@TrumpJr": {"channel_name": "@TrumpJr", "toxicity vector": {"sarcastic": 0.21739130434782608, "antagonize": 0.043478260869565216, "condescending": 0.13043478260869565, "dismissive": 0.0, "generalisation": 0.0, "healthy": 0.9565217391304348, "hostile": 0.0}}, "dobe4everFREE": {"channel_name": "dobe4everFREE", "toxicity vector": {"sarcastic": 0.4782608695652174, "antagonize": 0.17391304347826086, "condescending": 0.34782608695652173, "dismissive": 0.30434782608695654, "generalisation": 0.0, "healthy": 0.8695652173913043, "hostile": 0.08695652173913043}}, "@psychiworld": {"channel_name": "@psychiworld", "toxicity vector": {"sarcastic": 0.13043478260869565, "antagonize": 0.17391304347826086, "condescending": 0.2608695652173913, "dismissive": 0.21739130434782608, "generalisation": 0.0, "healthy": 0.8695652173913043, "hostile": 0.043478260869565216}}, "@real_DonaldJTrump": {"channel_name": "@real_DonaldJTrump", "toxicity vector": {"sarcastic": 0.391304347826087, "antagonize": 0.30434782608695654, "condescending": 0.34782608695652173, "dismissive": 0.4782608695652174, "generalisation": 0.21739130434782608, "healthy": 0.8260869565217391, "hostile": 0.391304347826087}}, "@thetrumpist": {"channel_name": "@thetrumpist", "toxicity vector": {"sarcastic": 0.30434782608695654, "antagonize": 0.391304347826087, "condescending": 0.43478260869565216, "dismissive": 0.4782608695652174, "generalisation": 0.08695652173913043, "healthy": 0.6086956521739131, "hostile": 0.30434782608695654}}, "@thetruthinfo": {"channel_name": "@thetruthinfo", "toxicity vector": {"sarcastic": 0.30434782608695654, "antagonize": 0.2608695652173913, "condescending": 0.34782608695652173, "dismissive": 0.30434782608695654, "generalisation": 0.0, "healthy": 0.8695652173913043, "hostile": 0.21739130434782608}}, "@SantaSurfing": {"channel_name": "@SantaSurfing", "toxicity vector": {"sarcastic": 0.4782608695652174, "antagonize": 0.4782608695652174, "condescending": 0.43478260869565216, "dismissive": 0.4782608695652174, "generalisation": 0.08695652173913043, "healthy": 0.782608695652174, "hostile": 0.4782608695652174}}, "@AmericanSpectator": {"channel_name": "@AmericanSpectator", "toxicity vector": {"sarcastic": 0.17391304347826086, "antagonize": 0.17391304347826086, "condescending": 0.13043478260869565, "dismissive": 0.13043478260869565, "generalisation": 0.21739130434782608, "healthy": 0.8695652173913043, "hostile": 0.17391304347826086}}, "@trumpchannel": {"channel_name": "@trumpchannel", "toxicity vector": {"sarcastic": 0.30434782608695654, "antagonize": 0.17391304347826086, "condescending": 0.2608695652173913, "dismissive": 0.21739130434782608, "generalisation": 0.08695652173913043, "healthy": 0.8695652173913043, "hostile": 0.21739130434782608}}, "@CharlieKirk": {"channel_name": "@CharlieKirk", "toxicity vector": {"sarcastic": 0.30434782608695654, "antagonize": 0.21739130434782608, "condescending": 0.2608695652173913, "dismissive": 0.21739130434782608, "generalisation": 0.08695652173913043, "healthy": 0.8695652173913043, "hostile": 0.30434782608695654}}, "@realKarliBonne": {"channel_name": "@realKarliBonne", "toxicity vector": {"sarcastic": 0.34782608695652173, "antagonize": 0.5217391304347826, "condescending": 0.5217391304347826, "dismissive": 0.6086956521739131, "generalisation": 0.17391304347826086, "healthy": 0.7391304347826086, "hostile": 0.6086956521739131}}, "@trumpjr": {"channel_name": "@trumpjr", "toxicity vector": {"sarcastic": 0.21739130434782608, "antagonize": 0.043478260869565216, "condescending": 0.13043478260869565, "dismissive": 0.0, "generalisation": 0.0, "healthy": 0.9565217391304348, "hostile": 0.0}}, "@Columbusproudboys": {"channel_name": "@Columbusproudboys", "toxicity vector": {"sarcastic": 0.4782608695652174, "antagonize": 0.4782608695652174, "condescending": 0.43478260869565216, "dismissive": 0.4782608695652174, "generalisation": 0.4782608695652174, "healthy": 0.6086956521739131, "hostile": 0.391304347826087}}, "@VOXTelegram": {"channel_name": "@VOXTelegram", "toxicity vector": {"sarcastic": 0.043478260869565216, "antagonize": 0.0, "condescending": 0.08695652173913043, "dismissive": 0.08695652173913043, "generalisation": 0.0, "healthy": 1.0, "hostile": 0.0}}}